658538.453,3550528.655,196EC4C961E09877
658519.837,3550554.771,EBF7F09D29D67CA0
658571.664,3550568.86,459D4BC91B81CAE2
658548.161,3550585.812,34EF61997CD65A7B
659264.713,3550683.628,925C24EA31A27003
658844.245,3550863.7,83C8BD908DB5F97E
658814.731,3550889.855,4E3D3F42150986CC
659831.2,3551144.803,12DA464C57F708A1
658545.271,3551149.751,F03172863E8BBEA7
659854.675,3551172.242,CE27CEC78F9A31DD
657664.447,3551266.611,EA0F8A2AD5BC6631
658442.458,3551763.252,41561403573A71B5
658467.343,3551788.666,6C3CD25FD5FB9A6F
658382.596,3551823.776,71DBD67AC53FF3A4
658408.587,3551841.855,DE8AD994C6DC4514
658983.407,3549690.7,d0866e6d-e97c-4f7d-8057-74d187ef71c3
658957.563,3549661.581,b9ae046f-47ae-49c2-be32-eaf6d79bb805
658536.636,3549890.07,92898ed0-5459-41a0-a254-629f598c3b67
658497.145,3549764.766,da41f0cc-911b-4fe5-a258-f09dabc1a171
658510.082,3549860.502,405bbde4-804e-4da1-9002-9c1720b9218b
658550.093,3549823.527,f2488888-1b9e-498f-984f-3fb42d28d9e6
658577.724,3549854.457,eb15b383-2f80-4eb2-9211-d11d253c9aae
658604.299,3549884.042,a358bdf9-3a83-4bba-89b8-8198ebc45597
658455.358,3549799.913,4ebd8716-9ab3-446a-8265-a74fe2faadc1
658428.111,3549769.636,e6cd9764-01e0-400c-990d-d03d9882d2f4
658468.363,3549732.826,4efbd214-7384-4ec8-9501-e96b025d5c16
658563.133,3549919.721,81c4a1d0-501e-4ffa-b43e-fe8bc6291624
658285.171,3549528.98,f59cd38c-0d2d-475a-a651-1ad453eaaf99
658322.558,3549652.079,6aeb0221-b5ed-487b-9c7f-fbc0dafb10ab
658349.25,3549681.868,e05adeaa-2d22-4153-a331-536988826f56
658416.114,3549675.184,aa69c012-5f9a-4490-8648-71904a045598
658389.627,3549645.564,2186d950-e1d1-477b-a825-3199f96fd8a4
658064.986,3549326.095,e8c3965b-a83b-4c54-80c3-ab5fd4019043
658030.126,3549303.021,68a81f67-a2ad-4bed-b1f6-7cbb513a031e
658093.42,3549419.45,ba9aaecf-a082-48ce-88cf-8a1f5406ac1c
658125.132,3549446.572,7e45ebeb-edd6-42e7-9e6a-98b69703873f
658152.732,3549471.871,2182fac2-1f91-4194-a42f-f9da1b54b0e3
658191.871,3549428.517,bcf8144b-8631-49e6-ad19-d728fb2860ac
658130.974,3549374.976,fc47ce59-db93-4851-a093-de90f890358e
657999.175,3549352.943,3a635d01-3932-47d3-8af6-11052c374573
658376.101,3549711.764,a7ecec38-2a6d-4339-8db4-5fa1fb7dc50f
658442.82,3549704.843,50b3c20c-9208-406d-bea1-66132a4b7e82
658363.337,3549616.499,1c8729c0-be07-448e-8522-c5a76327405e
658309.162,3549556.261,a7d2bd79-5109-449d-b39c-1ddad53fbc7e
658031.627,3549374.156,3b319c99-dd67-49e6-b88c-1363c554fb56
658180.617,3549499.396,d9404d64-b9e0-468e-8361-182beba9851a
657883.352,3549290.182,1078f1fe-ef97-4e69-860a-a45b9d6592d6
657965.527,3549332.867,4173ef7f-8db6-426d-8e8d-50fa0b8388ca
658284.87,3549529.775,97d16b72-69a6-4380-93a1-9bc10788108c
657923.21,3549244.171,baf6f05a-1a85-4043-b563-ce98b3a46070
658481.956,3549829.378,2479656a-01a5-4676-971e-907125db93f6
658162.64,3549401.897,9dd7afe6-c9f9-440b-a1ac-0919ede9d8bb
658589.857,3549948.214,a969aec1-424d-44b6-901a-723a856324e4
658629.552,3549911.888,5ee3c3ef-c67a-4594-b4e6-e52ada33cf09
658692.305,3549517.265,2C12462299779367
658653.833,3549527.719,1A2AF1AEE09242BC
659500.522,3550204.037,910603DD68C6B958
659408.269,3550278.394,A6A54B1347B860BC
659668.612,3550692.444,57CB1327B63622B3
659657.462,3550701.257,4A94B2771D154BAE
659657.903,3550733.016,61EE5BFA126DEEA9
659674.146,3550755.898,A251D45CBA05D4C9
659148.841,3550796.908,D6AD07F14EA89197
659570.415,3550808.844,E4A8FA6D61BB0E84
659588.404,3550832.146,BFAC7AB4225A179D
659034.738,3550896.821,5FC52517C71E00FC
659441.181,3550916.918,845D8DE3384D44D6
659463.974,3550938.765,ADF6158BE07F7B05
658931.724,3550982.609,46237B78F76D5540
658909.2,3551002.426,E70E9D671B89EB97
659318.431,3551023.733,1D6A4AFBB5B6E91A
659623.802,3551030.347,174D2EB4430890E1
659606.964,3551047.024,7F5C944E801C1D19
658814.31,3551084.693,B56007BFC11186CC
658280.619,3551092.716,9D621C82174E2A90
659202.367,3551119.66,D947349CE6F91705
658255.656,3551131.358,DCBA9F3E74C7B83F
658933.843,3551195.159,B522D05BFA2EF756
659082.687,3551218.659,491B504E72CAA255
659103.195,3551248.011,F366F11183E38E86
659174.833,3551448.258,BA3578C01E49387F
658119.785,3550070.896,A668EC98A286874C
658096.006,3550091.697,91D743BE1B700D05
658291.78,3550258.903,13982B78D5202890
657884.1,3548900.191,441400EB0BFB3D4A
658433.705,3549393.094,34A78B85E99E09E5
659794.457,3550464.994,4BBBAB6A36A17841
659141.228,3551018.385,D62627EF8BAFB197
659039.372,3551105.207,FB5BF0A7DB3080FC
659524.599,3551240.842,EBFFAF22EF0CD405
659146.019,3551457.975,5C4C01C57F83A897
657833.399,3549943.217,27764E85AB5BBFE1
657829.223,3549975.088,1934C81D48E24FE1
658104.085,3550052.371,F5E4124EEA3FBF16
658321.142,3550275.674,474F1693C6E950B9
658251.883,3550287.163,12DCE119A3D12E1F
658344.512,3550315.596,BF2766FED500D4EC
658281.052,3550324.304,D06AD80B8411F890
658320.097,3550342.44,94A8A3F78CC93CB9
658006.386,3550508.199,B856E747774E4A05
659175.675,3550632.592,1F7193CED39FBB2C
659290.331,3550642.239,885C3CB3C6CBE259
657947.346,3550622.511,A1F156099F7A183F
658069.223,3550662.513,3377D2B386742873
657908.125,3550662.157,20DDFE61BE2439A2
658486.867,3550840.863,7FE4A3EF6C2B65A4
658538.317,3550881.59,3F82F17833EA44FF
658593.32,3551060.663,1BD1CBF36C4F2DE5
657489.895,3551047.252,4DEE779D52FE12D5
657555.987,3551065.407,6562491769799EB8
658622.543,3551086.799,B95E9A76C92D0C7C
657522.162,3551076.948,1D3A7A53B3AEBF5B
658646.488,3551129.015,3D76D77B3AD6EB00
659627.699,3551323.126,87C65FAD2307A7A2
659642.179,3551346.294,A04309023D270BAE
659585.352,3551352.093,6BFC00BE563C48E6
659608.164,3551376.747,FDE7CC3593C0DFE6
658925.72,3551422.988,6B8687E6CD463740
659154.016,3551671.859,92DD8A2E22C7E189
658804.766,3552014.034,CBAA77AA533D38F3
658835.939,3552037.292,8DACCF25C0B091D4
659012.73,3549666.137,5b9005b4-b1e1-4040-819a-2f111055421f
658986.941,3549637.126,56640025-8a09-4c6c-a93d-2a22770d1c9c
658268.499,3549592.064,70651c08-d27c-4dcb-a288-84b02b404ade
658305.908,3549508.241,c39c9d5e-17ab-479b-952b-7519630bbe8a
658248.473,3549489.014,782ce3e4-d140-403f-916e-20812c03e8f3
658952.037,3549655.475,d500b737-0e8c-4e0c-a5dd-0f3aabb3cce1
658275.147,3549538.266,eb7c9837-ae7c-4332-945b-b8027596452d
657891.508,3549307.733,0b4c6dfc-23b2-4526-b6ae-c367ccdd12d3
658295.84,3549528.122,320bd0a7-47a2-4368-b65d-0c4260d2a73a
658187.742,3548475.544,145CD28207C17C19
658146.184,3548567.861,17C49C1E126E874C
658441.557,3548703.196,3D0A5FF5C3A46528
658258.67,3548798.92,FD2F81D5A404D9F3
658515.108,3548812.628,8CEAF40E5C17B38C
658096.823,3548871.784,668FACC31072CA1D
658472.597,3548931.933,3105A83FCD5B0CA6
658431.658,3548944.508,374B8BC6046E17D2
658076.125,3548998.66,45F4DD87309B4C83
658596.383,3549094.051,8063755059B3D4E2
658056.134,3549114.266,5E4CA33BCB74507C
658233.912,3549162.856,18086317FF2F2B5E
657845.265,3549170.564,EE3CEEF7B3124FE1
658263.388,3549210.458,E6947943F99FE61F
657855.34,3549204.694,D0286640967066E4
658343.49,3549228.344,F7FBF9DB2360D4EC
658033.877,3549272.177,1E23F0B9CAA5D611
658532.046,3549292.004,90CDC1EE35D1CA96
658834.587,3549324.257,1478A6B62D7DD48F
657836.273,3549344.12,85177360EF829D9F
658199.199,3549371.769,A5F2A3BC7758BEE2
658012.864,3549418.272,CEFE5D3838770CF8
657851.269,3549456.499,ACFD37EF27542DA7
658928.197,3549485.006,A2544951B6A73984
658815.834,3549484.827,96771A3A977F0D17
658284.146,3549551.872,D7DF4E24A295323F
658171.08,3549614.477,2CEE780E838B2EFC
658220.508,3549619.061,4EBFAF592B67394D
658293.089,3549652.211,CB800E2902B2A890
657841.224,3549692.928,9F0A9C25729BA1E1
659191.72,3549777.978,4AAA349323C1D455
658533.702,3549817.631,3DC764CAD6667CA0
659110.146,3549847.541,703364613F625457
658746.512,3549851.389,8B79AEE0D5A7EBE1
658488.89,3549852.624,9ABD84DCECB9416F
657965.68,3549848.05,66048C05A8C5CA5A
659331.626,3549915.424,33423B42C1865B16
658969.245,3549964.106,A2FF4CA7FCBE927A
659252.433,3549983.708,40F2935C6C45A8A7
658332.022,3549989.109,B29522E15D6CD4EC
659188.464,3550008.001,D5A944B2B29D4557
659382.985,3550066.747,6986760004FEDBD6
658238.575,3550065.852,A81B6447B8E5FE26
657824.893,3550063.564,36BD0C466A131D9F
658823.92,3550092.053,33F9A77DE495348F
659300.585,3550121.373,8ED9B40AB1A86594
659091.861,3550122.142,94C06DA829617030
657772.989,3550133.329,25C0BC47ADE714C7
658741.385,3550156.717,A2410636E54EEBE1
658116.765,3550169.251,1A02882744A72408
657793.247,3550175.995,8203F2B7109D519F
658957.018,3550234.924,942737766D0D246E
659583.535,3550261.029,9C33160EA7AAB2AE
658624.559,3550259.744,A2EFCBCF6D04A916
659109.727,3550275.854,6845BD632F738681
658874.52,3550308.937,406AC942301A8D67
659492.885,3550322.735,9BFC27ECFA711584
657788.423,3550296.699,47C87233547BF99F
658141.263,3550352.823,9D1ED1CD2FA465E1
659251.839,3550412.76,5D762CBC26FD54A7
659843.621,3550423.514,1BA089CC0C3321DD
658757.176,3550408.727,D130CFED67430137
658494.959,3550433.427,4A49F122725765A4
658039.194,3550428.467,9CE77CC1C99DD07C
658232.094,3550436.519,4B5EEAF01F6517E2
658359.129,3550440.836,8A83956769F4D4EC
659172.002,3550476.992,B807A08F5522BE18
658882.763,3550483.813,7747F88CA5377055
659294.56,3550496.002,10374AC650368659
658144.388,3550515.982,8FAE84C7F313CFF7
658438.949,3550522.407,FA618C81EF3BEDB8
659100.054,3550538.396,B21145AD6D2CD457
659490.497,3550553,7671A35269CF9158
658596.27,3550546.849,4ECB9896F924E5A8
658765.124,3550575.057,87BE5B8CFD14662D
659393.587,3550602.813,A9C669617658942E
659620.283,3550611.949,851D43936AC47DE6
658523.672,3550609.778,7342BE171D141CA0
659572.208,3550650.379,561749E6FD3EEE84
658980.366,3550643.991,C13B3887771CA8BF
659060.072,3550694.871,47D41DC88C2B43C0
659485.913,3550724.344,1935A7CCCD8FDF44
660128.072,3550761.397,3EC3A69B66FAE1EF
660355.437,3550765.848,E238B1165DF0D4AE
659803.664,3550759.415,28EDF5FC5873C832
658856.764,3550746.967,229E30672B3991D4
660274.641,3550795.785,F400A286ABE42CDC
660065.337,3550793.107,47204609B3D16942
657879.846,3550764.799,B93C0CAD33AE5AF5
658943.814,3550788.248,98524B570398D558
658542.277,3550782.986,2B8A2D66DFFA5A8B
658130.148,3550785.761,1AEFC849CAE0027B
659357.547,3550833.994,E42C9F04640DA1AF
658743.908,3550841.859,4C9018F77E134F26
658606.152,3550852.267,644F1FF359403BFD
658466.757,3550895.775,AFEA1478AB593921
660192.257,3550934.427,E2E36EC4EAC24E40
658102.35,3550903.433,D6D42306CA22A408
657733.718,3550906.839,3EFECEA9B0FCFEA4
659239.072,3550935.214,CD8217160B2A94A7
660375.992,3550955.269,C3DDB92889579C09
659738.139,3550958.668,5D12EB997384BF13
659849.859,3550964.301,226520DC694F81DD
658183.455,3550937.099,6763B6B9B87DF1DD
658208.372,3550962.843,82514541936D2D19
660101.839,3550995.252,3B37E96F80C37075
660304.645,3551015.796,F8DDC863891EF534
658729.897,3550993.135,25C99C67D333BBE1
659779.57,3551023.487,73DE9D99CB00F641
659124.949,3551032.261,8969AAE5B694E03D
658127.831,3551017.268,643D974F019FB3CE
658339.376,3551037.615,A1275D52700354EC
660467.857,3551092.166,DCF96A4C02115948
659527.632,3551106.145,E9DF2580AD9D4055
660181.975,3551119.837,5023F19264364E40
659652.118,3551129.925,6814B92ED8D5EA97
660395.392,3551152.516,C946D9991F39203C
659465.532,3551171.11,45BCAAE431C72D2E
660075.619,3551210.018,E551D2CDA2590B84
659549.816,3551216.573,8C7965DCF5229A56
658707.598,3551218.554,58E06E50145522A9
660280.788,3551250.561,4DEE6AAD08E42CDC
659340.774,3551259.856,A5F15191FE57E7AC
658201.923,3551278.863,3E39C0550796EB5E
659954.22,3551313.734,9948783C679616B2
657965.244,3551291.582,7450CD5BFCBB44DE
658796.098,3551312.165,3E727B4CF954F079
658947.74,3551333.404,3D80A0F7B9F6487A
659882.689,3551372.978,58A517B11D713809
658968.316,3551358.756,D582A6698217A8BF
657932.805,3551377.581,3BD0CA3C007A183F
658155.924,3551409.443,F63C11A2CC99F68F
657955.097,3551411.362,709EA43D4E97E13C
658460.945,3551425.995,EAB5C4573C92054C
658409.381,3551437.971,4D38C7E5A68D2E11
659539.049,3551489.629,B31910F3A7BBAA56
659983.351,3551500.719,6B767A918038FE6E
659705.136,3551519.713,AD5DE3349A8364BB
658527.844,3551538.272,1400643E895544FF
659913.318,3551564.312,41722A0FD69CB281
659427.048,3551562.354,D1BEB9ACC34532AF
658638.772,3551554.858,C6C65F690EC05100
658023.811,3551544.902,E0675DFA8604507C
659410.246,3551575.333,D7A4995E64E24F5F
658095.485,3551581.418,B4D12181D0ED5F28
657965.286,3551596.091,AE0BE6E24377A8C8
658724.607,3551614.551,E7D040CF805815E1
659823.1,3551640.922,3CFFB10997F7708A
659546.81,3551658.09,BC0F6C77EB0BEA56
658188.113,3551663.257,6C712F75B4EB2EFC
658485.977,3551686.709,7A36DBE572571876
658298.839,3551729.703,B25D8DC133B37ECF
658825.523,3551739.425,36DBEEA7B19AB33F
659215.136,3551755.304,27E1A5E91F2F15F5
659662.264,3551777.6,27AAD05A3A98CCC9
659382.455,3551795.678,938FE30BC223863C
658966.486,3551808.392,45EAECF48D31A8BF
659055.124,3551890.74,14A545B11F6B7AE2
659486.048,3551926.066,BEBC470E0D4EA85F
659172.042,3551974.233,588089CA5BFB78AB
659006.551,3552115.018,896A994948BC9D9B
659001.056,3549938.005,6CC5876AEFD10C2D
658989.795,3549946.323,5BD79AC6D735A8BF
657996.289,3549960.786,7EB34CEFFA00D486
658688.858,3549987.445,6F1A0E229A2C137A
657988.15,3549992.743,12F80CE0751B449E
658659.653,3550019.651,72A65272B626E389
658101.801,3550054.861,25ED428690A98505
658080.805,3550077.75,D19CC87D088144AD
659120.147,3550100.211,D1A069E8E929D0EA
659113.573,3550114.912,119ACC1AF8D22681
658454.916,3550112.097,3FD774272B5ABEA9
658124.499,3550122.039,F6DF2349BC2E874C
658124.499,3550122.039,992D4362B1050B4C
658170.719,3550126.901,A24C0FF6879DF1DD
658477.019,3550136.802,A392A8C1B5FCD5BF
658406.549,3550155.622,F31B09FCA2A10253
658172.435,3550173.086,CF6A59B2BE360474
659242.351,3550232.794,7102DCB2CB81C395
659271.65,3550250.773,82670F4D4F5EF003
658335.068,3550263.267,24212DC0973914EC
658229.709,3550307.572,905DB741A80B225F
659163.764,3550338.391,CC5B53C2B3235AAF
659330.918,3550344.718,786B8804EE5A891A
659318.964,3550352.299,4D0E22A33B390187
658257.495,3550344.492,29949504E65A4529
659056.297,3550383.636,278243E2408CC957
659443.12,3550405.894,521E32CB83F19EAF
659075.13,3550410.376,5AD2C872A4BE5AE2
659406.399,3550431.961,10E175FA4D03863C
659395.812,3550441.122,762A74A49B13D42E
659041.063,3550438.043,7A7C617AD35A89FC
659389.714,3550444.932,5E1C7C10450670C7
658456.422,3550438.536,2565A36416EBEA92
659430.518,3550454.402,38B2C87FFD3EA75F
659417.925,3550459.773,165565211F669D68
658430.511,3550459.813,7DF36958F72FC514
658044.32,3550478.211,B6A41C84EA81E927
659311.755,3550517.163,21B1605F3E84F918
658070.164,3550505.037,C3C4FE80CE03E786
659493.212,3550536.539,F6F23A42720B9158
659513.117,3550537.259,B891FFE7392EF649
657997.687,3550516.719,4114C9C24B76BEFB
659866.381,3550553.38,5C3975A01E7F21DD
658929.769,3550540.907,B3BC686880C51D08
658026.574,3550543.082,691081D6635D6118
659240.187,3550588.211,8E8C25E9921CF5A7
659575.17,3550602.062,8856AAE6F24E0095
658002.348,3550586.683,AC0F9FFC6D623205
659565.048,3550611.734,84685CC54E39EA56
659784.565,3550623.82,9DF3FB527C037241
658813.7,3550637.863,138A629FEAD0908F
659683.959,3550710.504,B90D5E2A3388A42D
659671.123,3550721.492,7E276022C035D4C9
659079.008,3550717.827,85896924C0506030
658669.379,3550723.361,9916830A86557767
659690.356,3550742.042,3F4D016B5FD33D17
658168.684,3550722.173,99E3F7F25D7F68F9
658656.752,3550735.942,667F31391CE6F300
658238.088,3550763.804,F8412D4AE7C7BFB9
658786.85,3550801.615,29D84F4B4E97F60E
658966.6,3550816.944,D0C5FAFB891F73D0
658314.305,3550809.523,F60246BD841BECF6
658526.356,3550841.529,BCD942F77C7FADF7
657686.985,3550840.468,94E4AB1439D9FD38
658552.93,3550855.704,93170042A3C170B6
657720.196,3550864.116,C0F6F20ABB8692A4
657678.09,3550864.122,8F2AE101C0A86631
657744.016,3550865.234,334364CB93860F75
658427.289,3550891.887,4B3698379B8A8878
658864.805,3550906.706,19221C41B416A8D6
659887.503,3550928.984,FA88C6E3A6FE3809
658842.389,3550926.472,407BB61BC721897E
658471.237,3550937.55,51B800D9D849016F
658745.259,3551012.082,5B2ADB6F8186CF26
658688.276,3551062.373,288243F25DF391FC
658610.215,3551111.817,919CAF935D8C963D
660113.807,3551171.911,860F05EE75D751D0
659754.144,3551211.43,925C60A173019218
659793.704,3551213.56,294F755B5B0D3832
660165.185,3551227.066,9179B12C3AE64E40
660158.847,3551242.653,157CA88E5BC98E40
657699.004,3551240.327,3C567727F38692A4
657697.857,3551241.195,49A8DD8071246D58
660191.505,3551285.387,93907F143C4A2700
660221.068,3551295.278,7B7334FD566C854C
660232.554,3551307.067,ECA332042EF47AB3
657736.105,3551288.976,9ECD6D382A055AF7
657731.688,3551292.685,F5E57682F79C92A4
659230.192,3551317.492,C092B0AB6CE568A7
659230.192,3551317.492,830B044866BCA8A7
659205.439,3551330.624,91F49982C12E7AE3
657704.296,3551316.266,ED7E60B9A62462A4
658884.012,3551346.575,1B7688F722F0B47F
658868.073,3551361.393,A788C9ACA436F055
658905.918,3551370.303,488ED60DABCFAB97
659248.253,3551385.186,4E035FC708E7BEBD
658927.503,3551393.687,5E681406F7810340
658915.387,3551410.263,89B3844AB36D4F00
659316.053,3551419.452,E2550E9C61777B21
659490.589,3551433.001,C9BAB814D3028649
659292.569,3551441.663,74D64BEF74C14F91
659395.068,3551514.558,14EDFE82253FEA6D
659443.251,3551517.553,9A7B4E213BD116F8
659370.693,3551535.37,6F977A9FD234BEA3
657972.05,3551527.448,6588D3C9106F5ADE
658678.847,3551562.82,401DDAC4677DFE83
659062.785,3551572.405,678B412DA0A5AE23
658699.829,3551592.31,E246C27BAE211CA9
659197.578,3551683.184,7EBD8F489BF3BAE3
659166.66,3551699.959,7FC74FBFF68EF87F
659220.389,3551707.837,729993ACB98E8395
659188.224,3551727.852,24F8FC9351671705
658219.112,3551715.534,E004373FE9939FFB
658582.764,3551947.919,E958906CCDB3763D
658771.176,3552044.055,88C0985FE33FA828
658825.533,3552072,B135446ABD23A97E
658989.176,3552139.868,76BEB546A5EF8693
659187.379,3552207.994,972C83A01310CA16
658026.893,3548260.856,F0B08B73C36D32F8
658039.125,3548275.641,B66AC84EC53E1F05
657998.065,3548324.53,9ED466AE14392F26
658000.869,3548363.455,DF5DB0D2D160E13C
657975.642,3548384.995,F73527C9B28A183F
658214.018,3548446.858,AA4251B45EC0BEE2
657975.601,3548450.338,30FC860CF63A183F
657951.177,3548473.68,CF9587361702768F
657962.492,3548505.178,73595DB3B603508F
657940.848,3548527.349,1F419CB78F7C39A2
658157.263,3548533.541,5822A053B527EB78
658140.53,3548533.597,42B7E4F14A5E2408
657931.553,3548575.728,DB9726B6D1C2D57E
658327.922,3548603.566,D0CF1E5552815AA6
657941.639,3548623.93,E6C366802394729B
658131.971,3548658.178,37CAA8D4F2566316
658136.162,3548658.757,625B5FBCBADBF165
658311.67,3548683.019,C2751F875CFB2890
658113.124,3548771.287,95DC7E64BD180D05
658290.475,3548799.712,9BCE0C9491C2F73F
657894.685,3548820.193,BAB7DB7569F6F6BF
658490.259,3548833.213,7005D75B34D71B54
657910.273,3548827.071,D072C6B37B8A5AF5
657906.136,3548855.036,3B40A3795F13E8D8
658274.024,3548918.719,4E124CCAE6C66A1F
657884.136,3549003.722,5F3B6F1B49D60028
658039.514,3549029.092,6228713B55188611
658071.229,3549033.613,6E48E7A3AC3FC7C8
658253.13,3549059.541,4D4CEC2DD195DFE2
658452.481,3549066.089,DB654091C2944514
658620.752,3549089.567,6B6B849D6278C9A8
657866.985,3549123.424,440A0999C0EC7D4A
658404.772,3549146.756,62C22C9B3747B9FB
658394.592,3549156.334,F8BA0D09A40611FB
658052.096,3549151.449,6850CB32CB276B8D
658139.72,3549167.412,7B85BA1D570B074C
658598.7,3549181.424,569BAE2B4E6EF729
658227.691,3549195.984,941C8CFDF367394D
658576.782,3549234.855,548DACC31243BEA7
658337.407,3549269.217,A3B140486089BECF
658788.606,3549446.213,384CBB4D367BFBA0
658006.436,3549473.332,B16D671782AC5ADE
658711.697,3549500.004,A44D0FC8E797DFE8
658860.442,3549543.778,C48D17339BDD48F3
658427.615,3549545.521,AA025A8FA6219FD2
658495.858,3549550.856,B2B3ED3FC058016F
658599.7,3549554.002,6CDFD619F5A357B1
658367.103,3549577.972,CB4F34CA8BFCD4EC
657815.891,3549576.89,E3E18B12CBA7399F
657992.015,3549595.529,F2C51D7E8135D49E
658191.429,3549653.327,C92087A2C12DBEE2
659014.065,3549698.944,6E8EBC0CBF947051
657980.052,3549710.023,EAF788E36AB8E13C
658643.199,3549724.39,470CE7CF789B5B2C
658227.494,3549728.662,D27BB5F551F0DD79
658154.34,3549731.223,ED7A125A021017F7
658222.831,3549739.555,555A3DB3B4F2B456
658667.782,3549754.381,FFE19355C38AEB00
658200.659,3549801.288,170A899A82C071DD
659137.85,3549822.349,C5473D3216D21C2E
658336.534,3549826.307,C8D91013A45D54EC
658201.087,3549865.838,A0010C27B82071DD
659068.606,3549881.508,94C7C795CFE9CF96
658796.518,3549897.272,7B222F2B9BF043F8
658407.216,3549919.461,15E8EF98F26A9D4C
658229.244,3549940.25,7123CB7FE6DE0050
659276.685,3549960.555,318FA077C3073BD5
659276.597,3549960.677,318FA077C3073BD6
658267.611,3549982.844,330D197A1C20F73F
659206.553,3550023.186,37039DCA61C919A9
658898.686,3550020.575,6DD7B6A82FB3827F
658295.929,3550017.245,18AD0B53383AA890
657858.616,3550056.969,22286A3592D07D4A
657957.149,3550059.623,66D1E99DEF0B583F
658240.444,3550065.191,4C6EAA0EF704C9F3
658547.269,3550085.336,EA4BC4F78B6672E9
659431.097,3550106.762,834AC2980FCBAD68
658560.467,3550101.554,1DEE2F533453BEA7
659353.411,3550175.876,EBEB4774A1D5A7AC
659027.077,3550175.532,33E5F37ED2F38A79
659512.985,3550192.346,589B55F3AF84785F
659282.629,3550193.885,55AA56BB1324A22D
657953.631,3550178.71,33D8E6A7ECB6A1FF
659260.379,3550218.179,48FFC661BB3C0CB0
658454.455,3550206.586,9DE95CFCA7273EA9
659300.418,3550223.023,A3A373B2558385B3
658663.471,3550223.717,58ACD102D81DAB00
658077.737,3550221.128,C0A43879C71929A6
659434.234,3550260.978,11D31BD9B9B24F5F
658064.181,3550300.092,CC3A385D83787D1B
657954.101,3550299.79,7CF57AE9CFEA183F
658549.859,3550319.75,5A5F9E8021D4F70B
659703.103,3550375.092,EE535C97A0A58617
657769.818,3550355.016,14BB40D92CA80960
658793.155,3550377.529,61310A22B13E940E
659233.363,3550422.254,6F89E5D8E02E917F
657782.866,3550398.217,34F6574D6FBF87AE
657953.379,3550415.973,D90D8325D37A183F
657820.036,3550415.927,E5B08EA71A229D9F
657999.224,3550419.51,6E7FC3855FF34DFB
659617.716,3550447.976,47CA8DFFC7D222B3
658678.961,3550472.877,4399DE8BC4DEB367
659705.394,3550540.138,D57FC555C3B8014A
658307.185,3550518.085,6BFBFF1F0B620CB9
659412.193,3550619.609,83CD582781219D68
658998.706,3550622.345,1CE7A5D307307051
660458.438,3550651.052,C6A3B8C90204A51F
658238.989,3550619.505,2947F85575A47BFB
660426.14,3550664.453,B986F414BDC57B54
660499.235,3550671.264,783B1315AECA2281
658447.504,3550676.438,98EAE4A04ECABEA9
658202.015,3550674.494,1C9DFCAD4AA7394D
660366.698,3550716.443,B70D89EBF28806A2
659314.127,3550703.028,785576F38A910187
659501.494,3550710.788,4C789C831D8EF649
659295.912,3550718.524,F3C1ACB85E19EA80
658884.925,3550720.185,E00EF2B477FB237F
658279.379,3550718.469,B4E31F6EC9A66890
660550.754,3550758.597,E1ADAC8E0EC9856B
659929.026,3550760.18,1682ED81A54F3281
658373.593,3550741.125,9E91172FFE09B5FB
658354.974,3550755.686,621C65EDF67754EC
659584.346,3550795.4,F30FE5C04BCA64F9
660564.383,3550818.793,87236D2CE638D86B
659398.833,3550799.748,BA687562683DF63C
659397.959,3550800.47,93522040417C863C
659605.517,3550815.732,D6D63B0FB05AFD49
659173.656,3550822.526,EC1FCF8FEAE1A369
658122.406,3550812.618,9E7EFB9F51AF9D8E
657940.342,3550817.076,73A0B342B498983F
658195.915,3550822.298,78354EFA1EA115E9
660565.446,3550883.856,A661A92B3901CD6B
660456.674,3550884.113,5CA2B4C2C32BF51F
658104.054,3550852.988,E4318652339F2408
659927.852,3550890.621,383A21CDBED6A819
660062.37,3550893.344,88ADBB965B79F542
659479.165,3550884.502,5AE210C3F7CFDF44
658168.311,3550874.478,6DD9F84D0C780EE2
659460.829,3550899.705,5BC5CE1EF5907B05
659501.928,3550906.198,2D3C59EA0F32A85F
659697.365,3550913.906,9A35516C4DB92C34
659482.992,3550922.413,646B747FBAFFDF44
659059.806,3550919.379,67192FD10C00B3C0
659252.941,3550923.16,F89FA1C9521BBEBD
659252.941,3550923.16,B7D726D02F5BBEBD
658436.846,3550920.545,F3E26E5A858E8784
660575.357,3550958.597,C1DF5E6653EA856B
658099.295,3550932.467,77A14F9D075A8B2A
658457.46,3550940.255,97A3FB712B6D1FB5
657936.62,3550934.417,AC8545182E2926E4
657764.339,3550935.451,9069EADB921755AE
660588.845,3550987.523,ED7FE54D2CA3396B
660594.205,3550998.661,F4843BA30480596B
658593.59,3550967.917,B7F471329BEF3CF6
658107.294,3550963.303,C20F1172F969714C
659594.87,3551000.725,E59B95482AE7EAF7
659790.698,3551013.412,D635EEE7A51F0832
659575.913,3551016.784,E9E1531F3CCAB2AE
659329.603,3551012.93,31C9E827520DC380
658955.254,3551008.346,AD12AFB51E9D927A
660281.388,3551035.282,2A100D6DBF3A94DC
658937.33,3551023.598,A7E3C694BAAC1756
659350.301,3551037.573,4958EEEA8625A7AC
659342.634,3551044.985,7F11CC5080C8A7AC
658304.663,3551030.017,CAF9A93791A9BECF
658327.041,3551046.998,3F2D5223B281D4EC
658277.406,3551052.591,7DB99AE41F337890
658139.094,3551055.404,A6628F0ADF29CA0B
658154.869,3551055.693,E7DCCC746C71A712
657936.617,3551052.761,A515023AE229083F
658312.658,3551059.301,8CEFDDDD846122F9
657759.399,3551050.446,B110CCE36F864C4E
658348.24,3551063.084,12BC03A9A71ED4EC
660199.005,3551104.309,144AE5B09369F640
659691.118,3551103.607,178C34565DD58F34
659217.033,3551109.796,46CE4B2BC3FB2D4F
658245.148,3551095.155,B75C671ABBC24529
658839.226,3551107.048,BBF1F0129C7C097E
659020.502,3551121.291,89202E280FF8DD9B
658214.899,3551112.42,1087D717B8F3C668
659915.414,3551143.314,E827A3E10554B281
659434.669,3551136.432,FED840589DC1E4D6
659235.551,3551137.698,3AD5468D097A78A7
658231.537,3551124.188,1782F1ED15647BFB
659226.096,3551146.84,4134457F33F94395
659595.715,3551176.777,DE70DBDFEFCDED19
659117.056,3551187.024,DDA8EAA940252E30
659780.075,3551200.423,B0CD063CBC723641
657936.393,3551171.54,4DCB242E357A183F
658535.994,3551187.705,D0BE5277787EF70B
658210.98,3551182.421,AF65A3EE00BA5050
659096.954,3551202.897,4591A50928153897
660307.051,3551225.581,2EFE6E730B72A72F
658922.603,3551203.259,31736B7700150108
658230.168,3551193.501,93061EF2CE3C2E1F
659145.127,3551216.181,7A005C4DD16E43AB
660323.376,3551242.683,DA4A41F446F20B6A
659776.47,3551236.369,D7673C91D437B641
659823.378,3551242.162,317F24893BB2708A
659319.192,3551234.256,FEBF077A040F4E06
659124.303,3551234.015,CB0630F2F9B9E03D
660014.734,3551260.413,591E675A30FA911B
658636.981,3551276.169,81FDEC489CFC70A6
658998.043,3551290.632,51BBD5CC4B2FD47D
658171.249,3551294.974,7935C589DCAE50E2
659020.436,3551315.962,5D0E86B5791D959B
658198.173,3551304.634,CD5770E1F12C414D
659407.793,3551339.035,86DF817BE1529D68
659416.754,3551350.457,39979D86815D5B5F
659635.137,3551371.339,C8F96B3143070BAE
658151.685,3551350.396,1CAD9A61E0EAE112
658727.152,3551372.001,C0E712D29B9393E1
660130.338,3551396.716,A0AFC72F3DF6EA19
659336.078,3551399.326,F944C86CE415A7AC
659827.752,3551417.513,E72AF55FE5C621DD
658321.703,3551404.951,E9AA23654CDCD4EC
658124.623,3551407.337,AB3475AE280CE041
658358.173,3551412.998,BA1900CF896039FB
659332.025,3551437.909,2BDE5977F415A7AC
658278.681,3551420.558,3BCAAEDE7C1A6890
658115.12,3551417.82,9E136A38D0969E0B
660041.434,3551453.855,6D80A92510F9F542
658265.371,3551433.065,DFDF2F8941302890
660014.575,3551469.432,C337F79DAA0C9331
658142.263,3551438.358,81B139A23037C195
658253.136,3551444.562,6D03A676A358F73F
658432.145,3551450.929,39FDC27ED5FBCEA6
659315.506,3551468.636,9026A2439244B215
658085.47,3551450.532,E7AF28799B437F16
658445.785,3551456.788,7895806B2FE671B5
658413.056,3551469.069,7A08CB684D45001B
659102.014,3551500.524,B6F8E204F2E6ABC2
659756.319,3551513.207,4ABED95FA8C3BA18
659937.177,3551542.026,160396E29FD8849E
659945.498,3551551.494,DA09CC90BA1216B2
658346.052,3551525.921,4A5B96BB295239FB
659055.658,3551543.562,6897B623625495E4
659625.793,3551591.514,8732DF5B9AF7A7A2
657943.419,3551568.358,F7C4CFC0337BF05A
659842.405,3551612.395,25D5D3EC9C4367DD
659849.523,3551619.546,C12CD1F0953E61DD
659857.571,3551627.634,634694141E7AD3F1
658427.251,3551619.28,604587E044381078
659505.719,3551689.538,4AB1C17D797D21FB
659732.656,3551716.709,555B3F9C74FDDF15
659740.057,3551721.292,C9F2B70FAA6DDF15
658856.808,3551720.495,1A222114EB2F8311
659612.571,3551817.359,B88E65BB183890E1
659642.16,3551821.232,D96EE7812E499C9F
659622.153,3551828.823,DE079CACE6A16FA2
659311.985,3551854.095,C4D06D19AF172E06
659414.857,3551967.76,5AC36E0018EF52AF
659143.113,3551997.524,748C6084EF632C98
659229.408,3552102.514,D8182C3B0286989A
659258.042,3552124.349,34585E2CAB1A8659
658093.861,3548885.833,8CE85D222E0F65F9
